data,prezzo_volo,prezzo_min_giorno,livello_google,min_compagnie,min_scali,min_durata_h,min_partenza
2026-09-22,1546,1546,typical,,,,
2026-09-23,1764,1518,typical,,,,
2026-09-23,1746,1568,typical,Air Europa,1,21.0,MXP
2026-09-24,1808,1327,typical,Turkish Airlines,2,35.2,MXP
2026-09-25,1808,1328,typical,Turkish Airlines,2,35.2,MXP
2026-09-26,1813,1605,typical,Turkish Airlines,2,35.2,MXP
2026-09-27,1813,1605,typical,Turkish Airlines,2,35.2,MXP
2026-09-28,1687,1605,typical,Turkish Airlines,2,35.2,MXP
2026-09-29,1862,1605,typical,Turkish Airlines,2,35.2,MXP
2026-09-29,1759,1734,typical,ITA,1,33.9,LIN
2026-09-30,1847,1698,typical,Air Europa,1,18.5,MXP
2026-10-01,1924,1698,typical,Air Europa,1,18.5,MXP
2026-10-02,1874,1798,typical,Air Europa,1,18.5,MXP
2026-10-03,1862,1799,typical,Air Europa,1,18.5,MXP
2026-10-04,1862,1739,typical,Air Europa,1,18.5,MXP
2026-10-05,,1699,typical,Air Europa,1,18.5,MXP
2026-10-06,1760,1699,typical,Air Europa,1,18.5,MXP
